{"eval/model_preparation_time":0.0012,"train/learning_rate":4.50756201642033e-11,"total_flos":7.67230458624e+15,"train/epoch":3,"_runtime":22961,"train/global_step":14706,"_wandb":{"runtime":22961},"train_loss":4.748793095240832,"eval/samples_per_second":129.364,"train_runtime":22932.8971,"eval/runtime":12.631,"train_steps_per_second":0.641,"_step":2973,"_timestamp":1.755245572397492e+09,"train_samples_per_second":10.259,"eval/loss":3.025826930999756,"eval/steps_per_second":16.23,"train/loss":3.5524,"samples":{"nrows":3,"size":125,"ncols":2,"path":"media/table/samples_2973_f812665bd40f12f6217a.table.json","_type":"table-file","log_mode":"IMMUTABLE","artifact_path":"wandb-client-artifact://dxy0htt6uvsf42g9cpejg6xjyk82zaf1u6o5rf5lz2mjcg84nn7aedb4cq0inlryw1g1qzu8faqv4cwfofmiv9lblpy00yrqzvfnul0pm4zinclzj2txo82gcwz5dnja/samples.table.json","sha256":"f812665bd40f12f6217a7501cfed0a27e3b2bbdf93547ac6a96032944dd51fb8","_latest_artifact_path":"wandb-client-artifact://wpao1uw57rbz2f119vc48vxsnmh5mk4f3n9v08m29z3ryr4xx139avvte24s0hx0g8pu22k2y1mff6v62dte6c599wb3vf2nkktlxecy0mvzrry60jl5o7br6wh3wgkb:latest/samples.table.json"},"train/grad_norm":0.7167147397994995}